modelo,P,cm,CAP,estado,estado_crudo,theta,pi_a,eta,r_p,pi_d_2018,theta_sobre_CAP,segundos,sustituciones,error,_f
precision,,4e6,7e+08,SLOW_PROGRESS,A stationary point was found,6.077932046379118e8,0.0,9.262478844643278e7,1.4139999999987063e8,60.77894026872051,0.8682760066255882,62.3,licencia<-PATH_LICENSE_STRING; cm=4e6 (reemplaza el del script); mean=7e+08; convergence_tolerance=1e-8 y limites de iteracion ampliados,,pm_CAP7
profit_oriented,0.95,9.2e8,1e8,SLOW_PROGRESS,A stationary point was found,1.202e8,270.12617855884446,0.0,,264.0340286563826,1.202,164.9,licencia<-PATH_LICENSE_STRING; cm=9.2e8 (el script no lo define: descomentado e inyectado); Performance=0.95; mean=1e8; convergence_tolerance=1e-8 y limites de iteracion ampliados,,po_P0.95_c9.2e8
profit_oriented,0.8,9.2e8,8e+08,SLOW_PROGRESS,A stationary point was found,9.616000000000001e8,48.764606122970704,0.0,,77.15017400581895,1.2020000000000002,59.4,licencia<-PATH_LICENSE_STRING; cm=9.2e8 (el script no lo define: descomentado e inyectado); Performance=0.8; mean=8e+08; convergence_tolerance=1e-8 y limites de iteracion ampliados,,po_CAP8_c9.2e8
profit_oriented,0.8,9.2e11,2e+08,SLOW_PROGRESS,A stationary point was found,2.404e8,161.56000417001877,0.0,,172.37735613104334,1.202,50.7,licencia<-PATH_LICENSE_STRING; cm=9.2e11 (el script no lo define: descomentado e inyectado); Performance=0.8; mean=2e+08; convergence_tolerance=1e-8 y limites de iteracion ampliados,,po_CAP2_c9.2e11
profit_oriented,0.8,9.2e11,9e+08,SLOW_PROGRESS,A stationary point was found,1.0818e9,42.260117507549936,0.0,,71.65877867643005,1.202,62.9,licencia<-PATH_LICENSE_STRING; cm=9.2e11 (el script no lo define: descomentado e inyectado); Performance=0.8; mean=9e+08; convergence_tolerance=1e-8 y limites de iteracion ampliados,,po_CAP9_c9.2e11
precision,,4e6,2e+08,ITERATION_LIMIT,Cumulative minor iterlim met,4.410239767887766e8,69.63178291431738,0.0,2.4102397678877863e8,111.72839057330644,2.205119883943883,81.0,licencia<-PATH_LICENSE_STRING; cm=4e6 (reemplaza el del script); mean=2e+08; convergence_tolerance=1e-8 y limites de iteracion ampliados,,pm_CAP2
profit_oriented,0.8,9.2e11,7e+08,SLOW_PROGRESS,A stationary point was found,8.414e8,56.371497593904095,0.0,,83.5722696945743,1.202,52.9,licencia<-PATH_LICENSE_STRING; cm=9.2e11 (el script no lo define: descomentado e inyectado); Performance=0.8; mean=7e+08; convergence_tolerance=1e-8 y limites de iteracion ampliados,,po_CAP7_c9.2e11
profit_oriented,0.8,9.2e8,1e8,SLOW_PROGRESS,A stationary point was found,1.202e8,270.1261785588446,0.0,,264.0340286563826,1.202,46.8,licencia<-PATH_LICENSE_STRING; cm=9.2e8 (el script no lo define: descomentado e inyectado); Performance=0.8; mean=1e8; convergence_tolerance=1e-8 y limites de iteracion ampliados,,po_P0.8_c9.2e8
profit_oriented,0.8,9.2e8,5e+08,SLOW_PROGRESS,A stationary point was found,6.01e8,79.31040215753171,0.0,,102.93837221697125,1.202,53.0,licencia<-PATH_LICENSE_STRING; cm=9.2e8 (el script no lo define: descomentado e inyectado); Performance=0.8; mean=5e+08; convergence_tolerance=1e-8 y limites de iteracion ampliados,,po_CAP5_c9.2e8
quadratic_rate,,9.9e9,5e+08,SLOW_PROGRESS,A stationary point was found,4.770991958680403e8,52.49414396339956,0.0,,104.83311785254456,0.9541983917360807,104.6,licencia<-PATH_LICENSE_STRING; cm=9.9e9 (reemplaza el del script); mean=5e+08; convergence_tolerance=1e-8 y limites de iteracion ampliados,,tc_CAP5
profit_oriented,0.99,9.2e11,1e8,SLOW_PROGRESS,A stationary point was found,1.2011448432207687e8,254756.53296335397,0.0,,276983.8901892352,1.2011448432207688,51.0,licencia<-PATH_LICENSE_STRING; cm=9.2e11 (el script no lo define: descomentado e inyectado); Performance=0.99; mean=1e8; convergence_tolerance=1e-8 y limites de iteracion ampliados,,po_P0.99_c9.2e11
profit_oriented,0.8,9.2e8,2e+08,SLOW_PROGRESS,A stationary point was found,2.404e8,161.56000417001877,0.0,,172.37735613104334,1.202,53.1,licencia<-PATH_LICENSE_STRING; cm=9.2e8 (el script no lo define: descomentado e inyectado); Performance=0.8; mean=2e+08; convergence_tolerance=1e-8 y limites de iteracion ampliados,,po_CAP2_c9.2e8
quadratic_rate,,9.9e9,8e+08,SLOW_PROGRESS,A stationary point was found,1.8097870246375222e9,34.35300773364803,0.0,,56.59271963337886,2.262233780796903,71.6,licencia<-PATH_LICENSE_STRING; cm=9.9e9 (reemplaza el del script); mean=8e+08; convergence_tolerance=1e-8 y limites de iteracion ampliados,,tc_CAP8
quadratic_rate,,9.9e9,4e+08,SLOW_PROGRESS,A stationary point was found,5.797776404339538e8,81.91761616918784,0.0,,105.13950495665847,1.4494441010848844,82.5,licencia<-PATH_LICENSE_STRING; cm=9.9e9 (reemplaza el del script); mean=4e+08; convergence_tolerance=1e-8 y limites de iteracion ampliados,,tc_CAP4
quadratic_rate,,9.9e9,7e+08,SLOW_PROGRESS,A stationary point was found,6.214510225587277e8,41.39899199525499,0.0,,91.39777876289995,0.8877871750838968,89.0,licencia<-PATH_LICENSE_STRING; cm=9.9e9 (reemplaza el del script); mean=7e+08; convergence_tolerance=1e-8 y limites de iteracion ampliados,,tc_CAP7
profit_oriented,0.99,9.2e8,1e8,SLOW_PROGRESS,A stationary point was found,1.202e8,270.1261785588446,0.0,,264.03402865638265,1.202,67.1,licencia<-PATH_LICENSE_STRING; cm=9.2e8 (el script no lo define: descomentado e inyectado); Performance=0.99; mean=1e8; convergence_tolerance=1e-8 y limites de iteracion ampliados,,po_P0.99_c9.2e8
precision,,4e6,9e+08,SLOW_PROGRESS,A stationary point was found,7.181999998443394e8,0.0,1.1805232373387189e8,1.8180000015566066e8,66.45640753440807,0.7979999998270437,84.2,licencia<-PATH_LICENSE_STRING; cm=4e6 (reemplaza el del script); mean=9e+08; convergence_tolerance=1e-8 y limites de iteracion ampliados,,pm_CAP9
profit_oriented,0.8,9.2e8,1e+08,SLOW_PROGRESS,A stationary point was found,1.202e8,270.1261785588446,0.0,,264.0340286563826,1.202,60.3,licencia<-PATH_LICENSE_STRING; cm=9.2e8 (el script no lo define: descomentado e inyectado); Performance=0.8; mean=1e+08; convergence_tolerance=1e-8 y limites de iteracion ampliados,,po_CAP1_c9.2e8
profit_oriented,0.8,9.2e11,1e8,SLOW_PROGRESS,A stationary point was found,1.202e8,270.12617855884446,5.908336798357059e-24,,264.0340286563825,1.202,49.6,licencia<-PATH_LICENSE_STRING; cm=9.2e11 (el script no lo define: descomentado e inyectado); Performance=0.8; mean=1e8; convergence_tolerance=1e-8 y limites de iteracion ampliados,,po_P0.8_c9.2e11
profit_oriented,0.8,9.2e11,1e+09,SLOW_PROGRESS,A stationary point was found,1.202e9,35.98387073034978,0.0,,66.36007584578797,1.202,53.0,licencia<-PATH_LICENSE_STRING; cm=9.2e11 (el script no lo define: descomentado e inyectado); Performance=0.8; mean=1e+09; convergence_tolerance=1e-8 y limites de iteracion ampliados,,po_CAP10_c9.2e11
profit_oriented,0.85,9.2e11,1e8,SLOW_PROGRESS,A stationary point was found,1.202e8,270.1261785588446,0.0,,264.0340286563826,1.202,66.2,licencia<-PATH_LICENSE_STRING; cm=9.2e11 (el script no lo define: descomentado e inyectado); Performance=0.85; mean=1e8; convergence_tolerance=1e-8 y limites de iteracion ampliados,,po_P0.85_c9.2e11
profit_oriented,0.8,9.2e11,5e+08,SLOW_PROGRESS,A stationary point was found,6.01e8,79.31040215753177,0.0,,102.93837221697129,1.202,54.6,licencia<-PATH_LICENSE_STRING; cm=9.2e11 (el script no lo define: descomentado e inyectado); Performance=0.8; mean=5e+08; convergence_tolerance=1e-8 y limites de iteracion ampliados,,po_CAP5_c9.2e11
quadratic_rate,,9.9e9,9e+08,SLOW_PROGRESS,A stationary point was found,6.658260249379319e8,38.351212179788064,0.0,,88.01287447143248,0.7398066943754799,83.8,licencia<-PATH_LICENSE_STRING; cm=9.9e9 (reemplaza el del script); mean=9e+08; convergence_tolerance=1e-8 y limites de iteracion ampliados,,tc_CAP9
profit_oriented,0.8,9.2e8,3e+08,SLOW_PROGRESS,A stationary point was found,3.606e8,119.4727186135608,0.0,,136.84528943121717,1.202,53.2,licencia<-PATH_LICENSE_STRING; cm=9.2e8 (el script no lo define: descomentado e inyectado); Performance=0.8; mean=3e+08; convergence_tolerance=1e-8 y limites de iteracion ampliados,,po_CAP3_c9.2e8
precision,,4e6,1e+08,ITERATION_LIMIT,Cumulative minor iterlim met,1.6717106026233375e8,163.72769349581264,0.0,6.717106026267667e7,279.26806258051994,1.6717106026233375,62.4,licencia<-PATH_LICENSE_STRING; cm=4e6 (reemplaza el del script); mean=1e+08; convergence_tolerance=1e-8 y limites de iteracion ampliados,,pm_CAP1
profit_oriented,0.8,9.2e8,6e+08,SLOW_PROGRESS,A stationary point was found,7.212e8,66.57319096733555,0.0,,92.18501923646815,1.202,51.9,licencia<-PATH_LICENSE_STRING; cm=9.2e8 (el script no lo define: descomentado e inyectado); Performance=0.8; mean=6e+08; convergence_tolerance=1e-8 y limites de iteracion ampliados,,po_CAP6_c9.2e8
profit_oriented,0.8,9.2e8,7e+08,SLOW_PROGRESS,A stationary point was found,8.414e8,56.37149759390407,0.0,,83.57226969457426,1.202,53.3,licencia<-PATH_LICENSE_STRING; cm=9.2e8 (el script no lo define: descomentado e inyectado); Performance=0.8; mean=7e+08; convergence_tolerance=1e-8 y limites de iteracion ampliados,,po_CAP7_c9.2e8
profit_oriented,0.8,9.2e8,1e+09,SLOW_PROGRESS,A stationary point was found,1.202e9,35.98387073034978,0.0,,66.36007584578799,1.202,64.2,licencia<-PATH_LICENSE_STRING; cm=9.2e8 (el script no lo define: descomentado e inyectado); Performance=0.8; mean=1e+09; convergence_tolerance=1e-8 y limites de iteracion ampliados,,po_CAP10_c9.2e8
profit_oriented,0.95,9.2e11,1e8,SLOW_PROGRESS,A stationary point was found,1.202e8,270.12617855884446,0.0,,264.0340286563823,1.202,47.4,licencia<-PATH_LICENSE_STRING; cm=9.2e11 (el script no lo define: descomentado e inyectado); Performance=0.95; mean=1e8; convergence_tolerance=1e-8 y limites de iteracion ampliados,,po_P0.95_c9.2e11
precision,,4e6,3e+08,SLOW_PROGRESS,A stationary point was found,5.495516278395478e8,58.3224925271196,0.0,2.4955162783954915e8,100.27875552752717,1.8318387594651593,70.5,licencia<-PATH_LICENSE_STRING; cm=4e6 (reemplaza el del script); mean=3e+08; convergence_tolerance=1e-8 y limites de iteracion ampliados,,pm_CAP3
precision,,4e6,5e+08,SLOW_PROGRESS,A stationary point was found,5.851134418249705e8,43.32375885219388,0.0,1.8805174372177413e8,94.36980275121051,1.170226883649941,67.0,licencia<-PATH_LICENSE_STRING; cm=4e6 (reemplaza el del script); mean=5e+08; convergence_tolerance=1e-8 y limites de iteracion ampliados,,pm_CAP5
quadratic_rate,,9.9e9,3e+08,SLOW_PROGRESS,A stationary point was found,3.7742392705732906e8,59.437196880366976,0.0,,115.44846961409517,1.2580797568577635,124.0,licencia<-PATH_LICENSE_STRING; cm=9.9e9 (reemplaza el del script); mean=3e+08; convergence_tolerance=1e-8 y limites de iteracion ampliados,,tc_CAP3
precision,,4e6,1e+09,SLOW_PROGRESS,A stationary point was found,7.980000000008367e8,0.0,1.385339160188922e8,2.0199999999916324e8,84.03735440315177,0.7980000000008367,46.7,licencia<-PATH_LICENSE_STRING; cm=4e6 (reemplaza el del script); mean=1e+09; convergence_tolerance=1e-8 y limites de iteracion ampliados,,pm_CAP10
profit_oriented,0.798,9.2e8,1e8,SLOW_PROGRESS,A stationary point was found,1.202000000002819e8,179.82712271182754,0.0,,205.73993508481198,1.202000000002819,86.0,licencia<-PATH_LICENSE_STRING; cm=9.2e8 (el script no lo define: descomentado e inyectado); Performance=0.798; mean=1e8; convergence_tolerance=1e-8 y limites de iteracion ampliados,,po_P0.798_c9.2e8
profit_oriented,0.9,9.2e8,1e8,SLOW_PROGRESS,A stationary point was found,1.202e8,270.1261785588446,0.0,,264.0340286563827,1.202,58.7,licencia<-PATH_LICENSE_STRING; cm=9.2e8 (el script no lo define: descomentado e inyectado); Performance=0.9; mean=1e8; convergence_tolerance=1e-8 y limites de iteracion ampliados,,po_P0.9_c9.2e8
profit_oriented,0.8,9.2e11,6e+08,SLOW_PROGRESS,A stationary point was found,7.212e8,66.57319096733546,0.0,,92.1850192364681,1.202,65.5,licencia<-PATH_LICENSE_STRING; cm=9.2e11 (el script no lo define: descomentado e inyectado); Performance=0.8; mean=6e+08; convergence_tolerance=1e-8 y limites de iteracion ampliados,,po_CAP6_c9.2e11
profit_oriented,1,9.2e11,1e8,SLOW_PROGRESS,A stationary point was found,1.2011285020169015e8,254868.0329278247,0.0,,277061.87591069716,1.2011285020169016,51.9,licencia<-PATH_LICENSE_STRING; cm=9.2e11 (el script no lo define: descomentado e inyectado); Performance=1; mean=1e8; convergence_tolerance=1e-8 y limites de iteracion ampliados,,po_P1_c9.2e11
profit_oriented,0.9,9.2e11,1e8,SLOW_PROGRESS,A stationary point was found,1.202e8,270.1261785588446,0.0,,264.0340286563337,1.202,57.7,licencia<-PATH_LICENSE_STRING; cm=9.2e11 (el script no lo define: descomentado e inyectado); Performance=0.9; mean=1e8; convergence_tolerance=1e-8 y limites de iteracion ampliados,,po_P0.9_c9.2e11
profit_oriented,0.798,9.2e11,1e8,SLOW_PROGRESS,A stationary point was found,1.202000000002819e8,179.82712271182754,0.0,,205.73993508481198,1.202000000002819,66.6,licencia<-PATH_LICENSE_STRING; cm=9.2e11 (el script no lo define: descomentado e inyectado); Performance=0.798; mean=1e8; convergence_tolerance=1e-8 y limites de iteracion ampliados,,po_P0.798_c9.2e11
profit_oriented,0.85,9.2e8,1e8,SLOW_PROGRESS,A stationary point was found,1.202e8,270.1261785588445,0.0,,264.0340286563826,1.202,68.6,licencia<-PATH_LICENSE_STRING; cm=9.2e8 (el script no lo define: descomentado e inyectado); Performance=0.85; mean=1e8; convergence_tolerance=1e-8 y limites de iteracion ampliados,,po_P0.85_c9.2e8
profit_oriented,0.8,9.2e11,4e+08,SLOW_PROGRESS,A stationary point was found,4.8079999999999994e8,95.83339358018387,0.0,,116.88785899303741,1.202,53.4,licencia<-PATH_LICENSE_STRING; cm=9.2e11 (el script no lo define: descomentado e inyectado); Performance=0.8; mean=4e+08; convergence_tolerance=1e-8 y limites de iteracion ampliados,,po_CAP4_c9.2e11
profit_oriented,0.8,9.2e11,3e+08,SLOW_PROGRESS,A stationary point was found,3.606e8,119.47271861356077,0.0,,136.84528943121714,1.202,51.0,licencia<-PATH_LICENSE_STRING; cm=9.2e11 (el script no lo define: descomentado e inyectado); Performance=0.8; mean=3e+08; convergence_tolerance=1e-8 y limites de iteracion ampliados,,po_CAP3_c9.2e11
profit_oriented,0.8,9.2e8,9e+08,SLOW_PROGRESS,A stationary point was found,1.0818e9,42.26011750754999,0.0,,71.6587786764301,1.202,50.7,licencia<-PATH_LICENSE_STRING; cm=9.2e8 (el script no lo define: descomentado e inyectado); Performance=0.8; mean=9e+08; convergence_tolerance=1e-8 y limites de iteracion ampliados,,po_CAP9_c9.2e8
quadratic_rate,,9.9e9,6e+08,SLOW_PROGRESS,A stationary point was found,5.623916122591407e8,45.42997298330282,0.0,,96.44481713578823,0.9373193537652346,99.8,licencia<-PATH_LICENSE_STRING; cm=9.9e9 (reemplaza el del script); mean=6e+08; convergence_tolerance=1e-8 y limites de iteracion ampliados,,tc_CAP6
quadratic_rate,,9.9e9,2e+08,SLOW_PROGRESS,A stationary point was found,3.173878899379955e8,41.72448444120717,0.0,,101.06149046154326,1.5869394496899776,138.4,licencia<-PATH_LICENSE_STRING; cm=9.9e9 (reemplaza el del script); mean=2e+08; convergence_tolerance=1e-8 y limites de iteracion ampliados,,tc_CAP2
profit_oriented,1,9.2e8,1e8,SLOW_PROGRESS,A stationary point was found,1.202e8,270.1261785588446,0.0,,264.0340286563826,1.202,104.7,licencia<-PATH_LICENSE_STRING; cm=9.2e8 (el script no lo define: descomentado e inyectado); Performance=1; mean=1e8; convergence_tolerance=1e-8 y limites de iteracion ampliados,,po_P1_c9.2e8
quadratic_rate,,9.9e9,1e+09,SLOW_PROGRESS,A stationary point was found,6.730218524550347e8,34.81053825793788,0.0,,98.57855618050598,0.6730218524550348,80.7,licencia<-PATH_LICENSE_STRING; cm=9.9e9 (reemplaza el del script); mean=1e+09; convergence_tolerance=1e-8 y limites de iteracion ampliados,,tc_CAP10
profit_oriented,0.8,9.2e8,4e+08,SLOW_PROGRESS,A stationary point was found,4.808e8,95.83339358018384,0.0,,116.88785899303738,1.202,51.0,licencia<-PATH_LICENSE_STRING; cm=9.2e8 (el script no lo define: descomentado e inyectado); Performance=0.8; mean=4e+08; convergence_tolerance=1e-8 y limites de iteracion ampliados,,po_CAP4_c9.2e8
quadratic_rate,,9.9e9,1e+08,SLOW_PROGRESS,A stationary point was found,1.9241963590656185e8,148.36017057314058,0.0,,142.28205085624683,1.9241963590656186,82.3,licencia<-PATH_LICENSE_STRING; cm=9.9e9 (reemplaza el del script); mean=1e+08; convergence_tolerance=1e-8 y limites de iteracion ampliados,,tc_CAP1
profit_oriented,0.8,9.2e11,8e+08,SLOW_PROGRESS,A stationary point was found,9.616e8,48.76460612297072,0.0,,77.15017400581897,1.202,63.5,licencia<-PATH_LICENSE_STRING; cm=9.2e11 (el script no lo define: descomentado e inyectado); Performance=0.8; mean=8e+08; convergence_tolerance=1e-8 y limites de iteracion ampliados,,po_CAP8_c9.2e11
precision,,4e6,6e+08,SLOW_PROGRESS,A stationary point was found,7.05876305309722e8,35.45415330628745,0.0,1.2119999637449124e8,85.36258056013958,1.1764605088495366,81.6,licencia<-PATH_LICENSE_STRING; cm=4e6 (reemplaza el del script); mean=6e+08; convergence_tolerance=1e-8 y limites de iteracion ampliados,,pm_CAP6
precision,,4e6,4e+08,SLOW_PROGRESS,A stationary point was found,6.431088725762625e8,50.15882768390606,0.0,2.4310887257626334e8,92.03766791953903,1.6077721814406563,74.6,licencia<-PATH_LICENSE_STRING; cm=4e6 (reemplaza el del script); mean=4e+08; convergence_tolerance=1e-8 y limites de iteracion ampliados,,pm_CAP4
precision,,4e6,8e+08,SLOW_PROGRESS,A stationary point was found,8.579882663110104e8,25.621563244611025,0.0,1.6159999759171137e8,76.18610431898324,1.072485332888763,74.6,licencia<-PATH_LICENSE_STRING; cm=4e6 (reemplaza el del script); mean=8e+08; convergence_tolerance=1e-8 y limites de iteracion ampliados,,pm_CAP8
profit_oriented,0.8,9.2e11,1e+08,SLOW_PROGRESS,A stationary point was found,1.202e8,270.12617855884446,5.908336798357059e-24,,264.0340286563825,1.202,54.4,licencia<-PATH_LICENSE_STRING; cm=9.2e11 (el script no lo define: descomentado e inyectado); Performance=0.8; mean=1e+08; convergence_tolerance=1e-8 y limites de iteracion ampliados,,po_CAP1_c9.2e11
