tabla,fila,magnitud,modelo,c,P,CAP,publicado,replicado,dif_relativa,veredicto,estado_solver,linea_tex
efectopenthetapia,1:0.798,theta,profit_oriented,9.2e11,0.798,1e8,120200000.0,120200000.0002819,0.0,coincide,A stationary point was found,517
efectopenthetapia,1:0.798,ratio,profit_oriented,9.2e11,0.798,1e8,1.2,1.202000000002819,0.001667,coincide,A stationary point was found,517
efectopenthetapia,1:0.798,pi_a,profit_oriented,9.2e11,0.798,1e8,270.13,179.82712271182754,-0.334294,difiere,A stationary point was found,517
efectopenthetapia,1:0.798,theta,profit_oriented,9.2e8,0.798,1e8,120200000.0,120200000.0002819,0.0,coincide,A stationary point was found,517
efectopenthetapia,1:0.798,ratio,profit_oriented,9.2e8,0.798,1e8,1.2,1.202000000002819,0.001667,coincide,A stationary point was found,517
efectopenthetapia,1:0.798,pi_a,profit_oriented,9.2e8,0.798,1e8,270.13,179.82712271182754,-0.334294,difiere,A stationary point was found,517
efectopenthetapia,2:0.8,theta,profit_oriented,9.2e11,0.8,1e+08,120200000.0,120200000.0,0.0,coincide,A stationary point was found,518
efectopenthetapia,2:0.8,ratio,profit_oriented,9.2e11,0.8,1e+08,1.2,1.202,0.001667,coincide,A stationary point was found,518
efectopenthetapia,2:0.8,pi_a,profit_oriented,9.2e11,0.8,1e+08,270.13,270.12617855884446,-1.4e-05,coincide,A stationary point was found,518
efectopenthetapia,2:0.8,theta,profit_oriented,9.2e8,0.8,1e+08,120200000.0,120200000.0,0.0,coincide,A stationary point was found,518
efectopenthetapia,2:0.8,ratio,profit_oriented,9.2e8,0.8,1e+08,1.2,1.202,0.001667,coincide,A stationary point was found,518
efectopenthetapia,2:0.8,pi_a,profit_oriented,9.2e8,0.8,1e+08,270.13,270.1261785588446,-1.4e-05,coincide,A stationary point was found,518
efectopenthetapia,3:0.85,theta,profit_oriented,9.2e11,0.85,1e8,113654321.0,120200000.0,0.057593,difiere,A stationary point was found,519
efectopenthetapia,3:0.85,ratio,profit_oriented,9.2e11,0.85,1e8,1.14,1.202,0.054386,difiere,A stationary point was found,519
efectopenthetapia,3:0.85,pi_a,profit_oriented,9.2e11,0.85,1e8,25.75,270.1261785588446,9.490337,difiere,A stationary point was found,519
efectopenthetapia,3:0.85,theta,profit_oriented,9.2e8,0.85,1e8,113654321.0,120200000.0,0.057593,difiere,A stationary point was found,519
efectopenthetapia,3:0.85,ratio,profit_oriented,9.2e8,0.85,1e8,1.14,1.202,0.054386,difiere,A stationary point was found,519
efectopenthetapia,3:0.85,pi_a,profit_oriented,9.2e8,0.85,1e8,25.75,270.1261785588445,9.490337,difiere,A stationary point was found,519
efectopenthetapia,4:0.9,theta,profit_oriented,9.2e11,0.9,1e8,113568965.0,120200000.0,0.058388,difiere,A stationary point was found,520
efectopenthetapia,4:0.9,ratio,profit_oriented,9.2e11,0.9,1e8,1.14,1.202,0.054386,difiere,A stationary point was found,520
efectopenthetapia,4:0.9,pi_a,profit_oriented,9.2e11,0.9,1e8,93.65,270.1261785588446,1.884423,difiere,A stationary point was found,520
efectopenthetapia,4:0.9,theta,profit_oriented,9.2e8,0.9,1e8,113568965.0,120200000.0,0.058388,difiere,A stationary point was found,520
efectopenthetapia,4:0.9,ratio,profit_oriented,9.2e8,0.9,1e8,1.14,1.202,0.054386,difiere,A stationary point was found,520
efectopenthetapia,4:0.9,pi_a,profit_oriented,9.2e8,0.9,1e8,93.65,270.1261785588446,1.884423,difiere,A stationary point was found,520
efectopenthetapia,5:0.95,theta,profit_oriented,9.2e11,0.95,1e8,118470479.0,120200000.0,0.014599,difiere,A stationary point was found,521
efectopenthetapia,5:0.95,ratio,profit_oriented,9.2e11,0.95,1e8,1.18,1.202,0.018644,difiere,A stationary point was found,521
efectopenthetapia,5:0.95,pi_a,profit_oriented,9.2e11,0.95,1e8,188.86,270.12617855884446,0.430299,difiere,A stationary point was found,521
efectopenthetapia,5:0.95,theta,profit_oriented,9.2e8,0.95,1e8,118470479.0,120200000.0,0.014599,difiere,A stationary point was found,521
efectopenthetapia,5:0.95,ratio,profit_oriented,9.2e8,0.95,1e8,1.18,1.202,0.018644,difiere,A stationary point was found,521
efectopenthetapia,5:0.95,pi_a,profit_oriented,9.2e8,0.95,1e8,188.86,270.12617855884446,0.430299,difiere,A stationary point was found,521
efectopenthetapia,6:0.99,theta,profit_oriented,9.2e11,0.99,1e8,114916396.0,120114484.32207687,0.045234,difiere,A stationary point was found,522
efectopenthetapia,6:0.99,ratio,profit_oriented,9.2e11,0.99,1e8,1.15,1.2011448432207688,0.044474,difiere,A stationary point was found,522
efectopenthetapia,6:0.99,pi_a,profit_oriented,9.2e11,0.99,1e8,298.11,254756.53296335397,853.572248,difiere,A stationary point was found,522
efectopenthetapia,6:0.99,theta,profit_oriented,9.2e8,0.99,1e8,114916396.0,120200000.0,0.045978,difiere,A stationary point was found,522
efectopenthetapia,6:0.99,ratio,profit_oriented,9.2e8,0.99,1e8,1.15,1.202,0.045217,difiere,A stationary point was found,522
efectopenthetapia,6:0.99,pi_a,profit_oriented,9.2e8,0.99,1e8,298.11,270.1261785588446,-0.093871,difiere,A stationary point was found,522
efectopenthetapia,7:1,theta,profit_oriented,9.2e11,1,1e8,118332486.0,120112850.20169015,0.015045,difiere,A stationary point was found,523
efectopenthetapia,7:1,ratio,profit_oriented,9.2e11,1,1e8,1.18,1.2011285020169016,0.017906,difiere,A stationary point was found,523
efectopenthetapia,7:1,pi_a,profit_oriented,9.2e11,1,1e8,317.24,254868.0329278247,802.391858,difiere,A stationary point was found,523
efectopenthetapia,7:1,theta,profit_oriented,9.2e8,1,1e8,118332486.0,120200000.0,0.015782,difiere,A stationary point was found,523
efectopenthetapia,7:1,ratio,profit_oriented,9.2e8,1,1e8,1.18,1.202,0.018644,difiere,A stationary point was found,523
efectopenthetapia,7:1,pi_a,profit_oriented,9.2e8,1,1e8,317.24,270.1261785588446,-0.148512,difiere,A stationary point was found,523
efectocapthetapia,1:100M,theta,profit_oriented,9.2e11,0.8,1e+08,120200000.0,120200000.0,0.0,coincide,A stationary point was found,540
efectocapthetapia,1:100M,ratio,profit_oriented,9.2e11,0.8,1e+08,1.2,1.202,0.001667,coincide,A stationary point was found,540
efectocapthetapia,1:100M,pi_a,profit_oriented,9.2e11,0.8,1e+08,270.13,270.12617855884446,-1.4e-05,coincide,A stationary point was found,540
efectocapthetapia,1:100M,theta,profit_oriented,9.2e8,0.8,1e+08,120200000.0,120200000.0,0.0,coincide,A stationary point was found,540
efectocapthetapia,1:100M,ratio,profit_oriented,9.2e8,0.8,1e+08,1.2,1.202,0.001667,coincide,A stationary point was found,540
efectocapthetapia,1:100M,pi_a,profit_oriented,9.2e8,0.8,1e+08,270.13,270.1261785588446,-1.4e-05,coincide,A stationary point was found,540
efectocapthetapia,2:200M,theta,profit_oriented,9.2e11,0.8,2e+08,240400000.0,240400000.0,0.0,coincide,A stationary point was found,541
efectocapthetapia,2:200M,ratio,profit_oriented,9.2e11,0.8,2e+08,1.2,1.202,0.001667,coincide,A stationary point was found,541
efectocapthetapia,2:200M,pi_a,profit_oriented,9.2e11,0.8,2e+08,60.57,161.56000417001877,1.667327,difiere,A stationary point was found,541
efectocapthetapia,2:200M,theta,profit_oriented,9.2e8,0.8,2e+08,240400000.0,240400000.0,0.0,coincide,A stationary point was found,541
efectocapthetapia,2:200M,ratio,profit_oriented,9.2e8,0.8,2e+08,1.2,1.202,0.001667,coincide,A stationary point was found,541
efectocapthetapia,2:200M,pi_a,profit_oriented,9.2e8,0.8,2e+08,60.57,161.56000417001877,1.667327,difiere,A stationary point was found,541
efectocapthetapia,3:300M,theta,profit_oriented,9.2e11,0.8,3e+08,360600000.0,360600000.0,0.0,coincide,A stationary point was found,542
efectocapthetapia,3:300M,ratio,profit_oriented,9.2e11,0.8,3e+08,1.2,1.202,0.001667,coincide,A stationary point was found,542
efectocapthetapia,3:300M,pi_a,profit_oriented,9.2e11,0.8,3e+08,119.47,119.47271861356077,2.3e-05,coincide,A stationary point was found,542
efectocapthetapia,3:300M,theta,profit_oriented,9.2e8,0.8,3e+08,360600000.0,360600000.0,0.0,coincide,A stationary point was found,542
efectocapthetapia,3:300M,ratio,profit_oriented,9.2e8,0.8,3e+08,1.2,1.202,0.001667,coincide,A stationary point was found,542
efectocapthetapia,3:300M,pi_a,profit_oriented,9.2e8,0.8,3e+08,119.47,119.4727186135608,2.3e-05,coincide,A stationary point was found,542
efectocapthetapia,4:400M,theta,profit_oriented,9.2e11,0.8,4e+08,454798037.0,480799999.99999994,0.057173,difiere,A stationary point was found,543
efectocapthetapia,4:400M,ratio,profit_oriented,9.2e11,0.8,4e+08,1.14,1.202,0.054386,difiere,A stationary point was found,543
efectocapthetapia,4:400M,pi_a,profit_oriented,9.2e11,0.8,4e+08,95.83,95.83339358018387,3.5e-05,coincide,A stationary point was found,543
efectocapthetapia,4:400M,theta,profit_oriented,9.2e8,0.8,4e+08,454798037.0,480800000.0,0.057173,difiere,A stationary point was found,543
efectocapthetapia,4:400M,ratio,profit_oriented,9.2e8,0.8,4e+08,1.14,1.202,0.054386,difiere,A stationary point was found,543
efectocapthetapia,4:400M,pi_a,profit_oriented,9.2e8,0.8,4e+08,95.83,95.83339358018384,3.5e-05,coincide,A stationary point was found,543
efectocapthetapia,5:500M,theta,profit_oriented,9.2e11,0.8,5e+08,601000000.0,601000000.0,0.0,coincide,A stationary point was found,544
efectocapthetapia,5:500M,ratio,profit_oriented,9.2e11,0.8,5e+08,1.2,1.202,0.001667,coincide,A stationary point was found,544
efectocapthetapia,5:500M,pi_a,profit_oriented,9.2e11,0.8,5e+08,79.31,79.31040215753177,5e-06,coincide,A stationary point was found,544
efectocapthetapia,5:500M,theta,profit_oriented,9.2e8,0.8,5e+08,601000000.0,601000000.0,0.0,coincide,A stationary point was found,544
efectocapthetapia,5:500M,ratio,profit_oriented,9.2e8,0.8,5e+08,1.2,1.202,0.001667,coincide,A stationary point was found,544
efectocapthetapia,5:500M,pi_a,profit_oriented,9.2e8,0.8,5e+08,79.31,79.31040215753171,5e-06,coincide,A stationary point was found,544
efectocapthetapia,6:600M,theta,profit_oriented,9.2e11,0.8,6e+08,605279899.0,721200000.0,0.191515,difiere,A stationary point was found,545
efectocapthetapia,6:600M,ratio,profit_oriented,9.2e11,0.8,6e+08,1.01,1.202,0.190099,difiere,A stationary point was found,545
efectocapthetapia,6:600M,pi_a,profit_oriented,9.2e11,0.8,6e+08,66.57,66.57319096733546,4.8e-05,coincide,A stationary point was found,545
efectocapthetapia,6:600M,theta,profit_oriented,9.2e8,0.8,6e+08,605279899.0,721200000.0,0.191515,difiere,A stationary point was found,545
efectocapthetapia,6:600M,ratio,profit_oriented,9.2e8,0.8,6e+08,1.01,1.202,0.190099,difiere,A stationary point was found,545
efectocapthetapia,6:600M,pi_a,profit_oriented,9.2e8,0.8,6e+08,66.57,66.57319096733555,4.8e-05,coincide,A stationary point was found,545
efectocapthetapia,7:700M,theta,profit_oriented,9.2e11,0.8,7e+08,605279899.0,841400000.0,0.390101,difiere,A stationary point was found,546
efectocapthetapia,7:700M,ratio,profit_oriented,9.2e11,0.8,7e+08,0.86,1.202,0.397674,difiere,A stationary point was found,546
efectocapthetapia,7:700M,pi_a,profit_oriented,9.2e11,0.8,7e+08,56.37,56.371497593904095,2.7e-05,coincide,A stationary point was found,546
efectocapthetapia,7:700M,theta,profit_oriented,9.2e8,0.8,7e+08,605279899.0,841400000.0,0.390101,difiere,A stationary point was found,546
efectocapthetapia,7:700M,ratio,profit_oriented,9.2e8,0.8,7e+08,0.86,1.202,0.397674,difiere,A stationary point was found,546
efectocapthetapia,7:700M,pi_a,profit_oriented,9.2e8,0.8,7e+08,56.37,56.37149759390407,2.7e-05,coincide,A stationary point was found,546
efectocapthetapia,8:800M,theta,profit_oriented,9.2e11,0.8,8e+08,961600000.0,961600000.0,0.0,coincide,A stationary point was found,547
efectocapthetapia,8:800M,ratio,profit_oriented,9.2e11,0.8,8e+08,1.2,1.202,0.001667,coincide,A stationary point was found,547
efectocapthetapia,8:800M,pi_a,profit_oriented,9.2e11,0.8,8e+08,152.5,48.76460612297072,-0.680232,difiere,A stationary point was found,547
efectocapthetapia,8:800M,theta,profit_oriented,9.2e8,0.8,8e+08,961600000.0,961600000.0000001,0.0,coincide,A stationary point was found,547
efectocapthetapia,8:800M,ratio,profit_oriented,9.2e8,0.8,8e+08,1.2,1.2020000000000002,0.001667,coincide,A stationary point was found,547
efectocapthetapia,8:800M,pi_a,profit_oriented,9.2e8,0.8,8e+08,152.5,48.764606122970704,-0.680232,difiere,A stationary point was found,547
efectocapthetapia,9:900M,theta,profit_oriented,9.2e11,0.8,9e+08,605279899.0,1081800000.0,0.787272,difiere,A stationary point was found,548
efectocapthetapia,9:900M,ratio,profit_oriented,9.2e11,0.8,9e+08,0.67,1.202,0.79403,difiere,A stationary point was found,548
efectocapthetapia,9:900M,pi_a,profit_oriented,9.2e11,0.8,9e+08,42.26,42.260117507549936,3e-06,coincide,A stationary point was found,548
efectocapthetapia,9:900M,theta,profit_oriented,9.2e8,0.8,9e+08,605279899.0,1081800000.0,0.787272,difiere,A stationary point was found,548
efectocapthetapia,9:900M,ratio,profit_oriented,9.2e8,0.8,9e+08,0.67,1.202,0.79403,difiere,A stationary point was found,548
efectocapthetapia,9:900M,pi_a,profit_oriented,9.2e8,0.8,9e+08,42.26,42.26011750754999,3e-06,coincide,A stationary point was found,548
efectocapthetapia,"10:1,000M",theta,profit_oriented,9.2e11,0.8,1e+09,605279899.0,1202000000.0,0.985858,difiere,A stationary point was found,549
efectocapthetapia,"10:1,000M",ratio,profit_oriented,9.2e11,0.8,1e+09,0.61,1.202,0.970492,difiere,A stationary point was found,549
efectocapthetapia,"10:1,000M",pi_a,profit_oriented,9.2e11,0.8,1e+09,35.98,35.98387073034978,0.000108,coincide,A stationary point was found,549
efectocapthetapia,"10:1,000M",theta,profit_oriented,9.2e8,0.8,1e+09,605279899.0,1202000000.0,0.985858,difiere,A stationary point was found,549
efectocapthetapia,"10:1,000M",ratio,profit_oriented,9.2e8,0.8,1e+09,0.61,1.202,0.970492,difiere,A stationary point was found,549
efectocapthetapia,"10:1,000M",pi_a,profit_oriented,9.2e8,0.8,1e+09,35.98,35.98387073034978,0.000108,coincide,A stationary point was found,549
resultadostasacuadrada,"1:100,000,000",theta,quadratic_rate,9.9e9,,1e+08,144944410.0,192419635.90656185,0.327541,difiere,A stationary point was found,692
resultadostasacuadrada,"1:100,000,000",rend,quadratic_rate,9.9e9,,1e+08,0.798,0.14586108988985436,-0.817217,difiere,A stationary point was found,692
resultadostasacuadrada,"1:100,000,000",ratio,quadratic_rate,9.9e9,,1e+08,1.449,1.9241963590656186,0.327948,difiere,A stationary point was found,692
resultadostasacuadrada,"1:100,000,000",pi_a,quadratic_rate,9.9e9,,1e+08,232.82,148.36017057314058,-0.362769,difiere,A stationary point was found,692
resultadostasacuadrada,"2:200,000,000",theta,quadratic_rate,9.9e9,,2e+08,289888820.0,317387889.9379955,0.094861,difiere,A stationary point was found,693
resultadostasacuadrada,"2:200,000,000",rend,quadratic_rate,9.9e9,,2e+08,0.798,0.6555020823976264,-0.178569,difiere,A stationary point was found,693
resultadostasacuadrada,"2:200,000,000",ratio,quadratic_rate,9.9e9,,2e+08,1.449,1.5869394496899776,0.095196,difiere,A stationary point was found,693
resultadostasacuadrada,"2:200,000,000",pi_a,quadratic_rate,9.9e9,,2e+08,141.56,41.72448444120717,-0.705252,difiere,A stationary point was found,693
resultadostasacuadrada,"3:300,000,000",theta,quadratic_rate,9.9e9,,3e+08,434833230.0,377423927.05732906,-0.132026,difiere,A stationary point was found,694
resultadostasacuadrada,"3:300,000,000",rend,quadratic_rate,9.9e9,,3e+08,0.798,0.9333948391002377,0.169668,difiere,A stationary point was found,694
resultadostasacuadrada,"3:300,000,000",ratio,quadratic_rate,9.9e9,,3e+08,1.449,1.2580797568577635,-0.13176,difiere,A stationary point was found,694
resultadostasacuadrada,"3:300,000,000",pi_a,quadratic_rate,9.9e9,,3e+08,103.33,59.437196880366976,-0.424783,difiere,A stationary point was found,694
resultadostasacuadrada,"4:400,000,000",theta,quadratic_rate,9.9e9,,4e+08,579777640.0,579777640.4339538,0.0,coincide,A stationary point was found,695
resultadostasacuadrada,"4:400,000,000",rend,quadratic_rate,9.9e9,,4e+08,0.798,0.7980000000000003,0.0,coincide,A stationary point was found,695
resultadostasacuadrada,"4:400,000,000",ratio,quadratic_rate,9.9e9,,4e+08,1.449,1.4494441010848844,0.000306,coincide,A stationary point was found,695
resultadostasacuadrada,"5:500,000,000",theta,quadratic_rate,9.9e9,,5e+08,653754577.0,477099195.8680403,-0.270217,difiere,A stationary point was found,696
resultadostasacuadrada,"5:500,000,000",rend,quadratic_rate,9.9e9,,5e+08,0.905,0.9979022126804384,0.102654,difiere,A stationary point was found,696
resultadostasacuadrada,"5:500,000,000",ratio,quadratic_rate,9.9e9,,5e+08,1.308,0.9541983917360807,-0.270491,difiere,A stationary point was found,696
resultadostasacuadrada,"5:500,000,000",pi_a,quadratic_rate,9.9e9,,5e+08,37.27,52.49414396339956,0.408483,difiere,A stationary point was found,696
resultadostasacuadrada,"6:600,000,000",theta,quadratic_rate,9.9e9,,6e+08,619939821.0,562391612.2591407,-0.092829,difiere,A stationary point was found,697
resultadostasacuadrada,"6:600,000,000",rend,quadratic_rate,9.9e9,,6e+08,0.999,0.9960711365875922,-0.002932,coincide,A stationary point was found,697
resultadostasacuadrada,"6:600,000,000",ratio,quadratic_rate,9.9e9,,6e+08,1.033,0.9373193537652346,-0.092624,difiere,A stationary point was found,697
resultadostasacuadrada,"6:600,000,000",pi_a,quadratic_rate,9.9e9,,6e+08,40.43,45.42997298330282,0.12367,difiere,A stationary point was found,697
resultadostasacuadrada,"7:700,000,000",theta,quadratic_rate,9.9e9,,7e+08,661258561.0,621451022.5587277,-0.0602,difiere,A stationary point was found,698
resultadostasacuadrada,"7:700,000,000",rend,quadratic_rate,9.9e9,,7e+08,0.997,0.9874082819243479,-0.009621,difiere,A stationary point was found,698
resultadostasacuadrada,"7:700,000,000",ratio,quadratic_rate,9.9e9,,7e+08,0.945,0.8877871750838968,-0.060543,difiere,A stationary point was found,698
resultadostasacuadrada,"7:700,000,000",pi_a,quadratic_rate,9.9e9,,7e+08,36.42,41.39899199525499,0.13671,difiere,A stationary point was found,698
resultadostasacuadrada,"8:800,000,000",theta,quadratic_rate,9.9e9,,8e+08,610913181.0,1809787024.6375222,1.962429,difiere,A stationary point was found,699
resultadostasacuadrada,"8:800,000,000",rend,quadratic_rate,9.9e9,,8e+08,0.944,-0.5932341173848439,-1.628426,difiere,A stationary point was found,699
resultadostasacuadrada,"8:800,000,000",ratio,quadratic_rate,9.9e9,,8e+08,0.764,2.262233780796903,1.961039,difiere,A stationary point was found,699
resultadostasacuadrada,"8:800,000,000",pi_a,quadratic_rate,9.9e9,,8e+08,31.28,34.35300773364803,0.098242,difiere,A stationary point was found,699
resultadostasacuadrada,"9:900,000,000",theta,quadratic_rate,9.9e9,,9e+08,609127279.0,665826024.9379319,0.093082,difiere,A stationary point was found,700
resultadostasacuadrada,"9:900,000,000",rend,quadratic_rate,9.9e9,,9e+08,0.896,0.9322994437081851,0.040513,difiere,A stationary point was found,700
resultadostasacuadrada,"9:900,000,000",ratio,quadratic_rate,9.9e9,,9e+08,0.677,0.7398066943754799,0.092772,difiere,A stationary point was found,700
resultadostasacuadrada,"9:900,000,000",pi_a,quadratic_rate,9.9e9,,9e+08,31.21,38.351212179788064,0.228812,difiere,A stationary point was found,700
resultadostasacuadrada,"10:1,000,000,000",theta,quadratic_rate,9.9e9,,1e+09,698676376.0,673021852.4550347,-0.036719,difiere,A stationary point was found,701
resultadostasacuadrada,"10:1,000,000,000",rend,quadratic_rate,9.9e9,,1e+09,0.909,0.8930852910280629,-0.017508,difiere,A stationary point was found,701
resultadostasacuadrada,"10:1,000,000,000",ratio,quadratic_rate,9.9e9,,1e+09,0.699,0.6730218524550348,-0.037165,difiere,A stationary point was found,701
resultadostasacuadrada,"10:1,000,000,000",pi_a,quadratic_rate,9.9e9,,1e+09,30.0,34.81053825793788,0.160351,difiere,A stationary point was found,701
resultadosprecision,"1:100,000,000",theta,precision,4e6,,1e+08,120200000.0,167171060.26233375,0.390774,difiere,Cumulative minor iterlim met,886
resultadosprecision,"1:100,000,000",rend,precision,4e6,,1e+08,0.798,1.4697106026267668,0.841743,difiere,Cumulative minor iterlim met,886
resultadosprecision,"1:100,000,000",ratio,precision,4e6,,1e+08,1.202,1.6717106026233375,0.390774,difiere,Cumulative minor iterlim met,886
resultadosprecision,"1:100,000,000",pi_a,precision,4e6,,1e+08,270.13,163.72769349581264,-0.393893,difiere,Cumulative minor iterlim met,886
resultadosprecision,"2:200,000,000",theta,precision,4e6,,2e+08,240400000.0,441023976.7887766,0.834542,difiere,Cumulative minor iterlim met,887
resultadosprecision,"2:200,000,000",rend,precision,4e6,,2e+08,0.798,2.003119883943893,1.510175,difiere,Cumulative minor iterlim met,887
resultadosprecision,"2:200,000,000",ratio,precision,4e6,,2e+08,1.202,2.205119883943883,0.834542,difiere,Cumulative minor iterlim met,887
resultadosprecision,"2:200,000,000",pi_a,precision,4e6,,2e+08,155.15,69.63178291431738,-0.551197,difiere,Cumulative minor iterlim met,887
resultadosprecision,"3:300,000,000",theta,precision,4e6,,3e+08,354508234.0,549551627.8395478,0.55018,difiere,A stationary point was found,888
resultadosprecision,"3:300,000,000",rend,precision,4e6,,3e+08,0.798,1.629838759465164,1.042404,difiere,A stationary point was found,888
resultadosprecision,"3:300,000,000",ratio,precision,4e6,,3e+08,1.182,1.8318387594651593,0.549779,difiere,A stationary point was found,888
resultadosprecision,"3:300,000,000",pi_a,precision,4e6,,3e+08,39.07,58.3224925271196,0.492769,difiere,A stationary point was found,888
resultadosprecision,"4:400,000,000",theta,precision,4e6,,4e+08,435648945.0,643108872.5762625,0.476209,difiere,A stationary point was found,889
resultadosprecision,"4:400,000,000",rend,precision,4e6,,4e+08,0.798,1.4057721814406583,0.761619,difiere,A stationary point was found,889
resultadosprecision,"4:400,000,000",ratio,precision,4e6,,4e+08,1.089,1.6077721814406563,0.476375,difiere,A stationary point was found,889
resultadosprecision,"4:400,000,000",pi_a,precision,4e6,,4e+08,33.93,50.15882768390606,0.478303,difiere,A stationary point was found,889
resultadosprecision,"5:500,000,000",theta,precision,4e6,,5e+08,590042475.0,585113441.8249705,-0.008354,difiere,A stationary point was found,890
resultadosprecision,"5:500,000,000",rend,precision,4e6,,5e+08,0.798,1.1741034874435483,0.471308,difiere,A stationary point was found,890
resultadosprecision,"5:500,000,000",ratio,precision,4e6,,5e+08,1.18,1.170226883649941,-0.008282,difiere,A stationary point was found,890
resultadosprecision,"5:500,000,000",pi_a,precision,4e6,,5e+08,38.83,43.32375885219388,0.115729,difiere,A stationary point was found,890
resultadosprecision,"6:600,000,000",theta,precision,4e6,,6e+08,721200000.0,705876305.309722,-0.021247,difiere,A stationary point was found,891
resultadosprecision,"6:600,000,000",rend,precision,4e6,,6e+08,0.798,0.9999999939574855,0.253133,difiere,A stationary point was found,891
resultadosprecision,"6:600,000,000",ratio,precision,4e6,,6e+08,1.202,1.1764605088495366,-0.021247,difiere,A stationary point was found,891
resultadosprecision,"6:600,000,000",pi_a,precision,4e6,,6e+08,39.2,35.45415330628745,-0.095557,difiere,A stationary point was found,891
resultadosprecision,"7:700,000,000",theta,precision,4e6,,7e+08,673836382.0,607793204.6379118,-0.098011,difiere,A stationary point was found,892
resultadosprecision,"7:700,000,000",rend,precision,4e6,,7e+08,0.798,0.9999999999998153,0.253133,difiere,A stationary point was found,892
resultadosprecision,"7:700,000,000",ratio,precision,4e6,,7e+08,0.963,0.8682760066255882,-0.098363,difiere,A stationary point was found,892
resultadosprecision,"7:700,000,000",pi_a,precision,4e6,,7e+08,35.74,0.0,-1.0,difiere,A stationary point was found,892
resultadosprecision,"8:800,000,000",theta,precision,4e6,,8e+08,757247245.0,857988266.3110104,0.133036,difiere,A stationary point was found,893
resultadosprecision,"8:800,000,000",rend,precision,4e6,,8e+08,0.798,0.9999999969896393,0.253133,difiere,A stationary point was found,893
resultadosprecision,"8:800,000,000",ratio,precision,4e6,,8e+08,0.947,1.072485332888763,0.132508,difiere,A stationary point was found,893
resultadosprecision,"8:800,000,000",pi_a,precision,4e6,,8e+08,35.74,25.621563244611025,-0.283112,difiere,A stationary point was found,893
resultadosprecision,"9:900,000,000",theta,precision,4e6,,9e+08,851903151.0,718199999.8443394,-0.156946,difiere,A stationary point was found,894
resultadosprecision,"9:900,000,000",rend,precision,4e6,,9e+08,0.798,1.0000000001729563,0.253133,difiere,A stationary point was found,894
resultadosprecision,"9:900,000,000",ratio,precision,4e6,,9e+08,0.947,0.7979999998270437,-0.157339,difiere,A stationary point was found,894
resultadosprecision,"9:900,000,000",pi_a,precision,4e6,,9e+08,35.74,0.0,-1.0,difiere,A stationary point was found,894
resultadosprecision,"10:1,000,000,000",theta,precision,4e6,,1e+09,947173004.0,798000000.0008367,-0.157493,difiere,A stationary point was found,895
resultadosprecision,"10:1,000,000,000",rend,precision,4e6,,1e+09,0.798,0.9999999999991633,0.253133,difiere,A stationary point was found,895
resultadosprecision,"10:1,000,000,000",ratio,precision,4e6,,1e+09,0.947,0.7980000000008367,-0.157339,difiere,A stationary point was found,895
resultadosprecision,"10:1,000,000,000",pi_a,precision,4e6,,1e+09,35.74,0.0,-1.0,difiere,A stationary point was found,895
